"","pearson","Pvalue"
"Colchicine",-0.319886669807955,0.012718554924006
"Dexrazoxane",0.330096421244015,0.0100017596248445
"Temsirolimus",-0.302400179922003,0.0188552794146646
"Everolimus",-0.306068643465543,0.0173922436562547
"AZD-5363",-0.300722105583482,0.0195586922676648
"NA",NA,NA
