"","pearson","Pvalue"
"Clofarabine",-0.350202626476031,0.00608722471448738
"E-7820",0.409780728917871,0.00114822240916857
"Pazopanib",-0.354011149421397,0.00552091622473033
"Tandutinib",-0.303061944979345,0.0185838664225817
"NA",NA,NA
