"","pearson","Pvalue"
"Buthionine sulphoximine",-0.310853609904281,0.0156304750648571
"SB-1317",0.317601316741284,0.0134071264693739
"NA",NA,NA
